Country,Platform,Year, Population ,Employment_Rate, Active_Users 
Australia,Facebook,2002,"773,387,192",66.53,"339,483,771"
France,Facebook,2023,"573,835,368",83.05,"208,916,974"
Canada,TikTok,2011,"725,813,220",83.08,"328,150,847"
India,Twitter,2003,"927,150,338",66.78,"410,203,934"
Brazil,Facebook,2016,"309,842,781",50.24,"51,372,695"
Canada,Facebook,2020,"1,118,440,562",82.38,"147,770,042"
UK,LinkedIn,2018,"716,767,886",69.54,"276,050,209"
China,Instagram,2002,"12,278,229",83.08,"4,510,952"
Brazil,YouTube,2018,"262,135,197",86.15,"85,974,278"
Canada,TikTok,2015,"580,605,403",61.09,"74,364,746"
Brazil,Instagram,2024,"126,629,034",61.17,"60,560,913"
Germany,Snapchat,2006,"1,266,154,585",51.1,"447,559,653"
France,Twitter,2017,"461,499,388",74.38,"124,636,295"
India,Instagram,2007,"514,666,953",52.5,"62,758,749"
UK,Instagram,2020,"1,279,383,131",89.27,"493,630,215"
China,Instagram,2022,"97,509,881",59.53,"743,673"
Japan,LinkedIn,2002,"998,579,164",79.68,"341,701,320"
Brazil,Instagram,2007,"1,148,594,802",70.8,"225,585,203"
USA,LinkedIn,2017,"133,449,009",65.47,"5,158,330"
Germany,Facebook,2023,"225,574,348",53.95,"44,060,934"
USA,TikTok,2022,"661,465,135",67.4,"108,577,012"
UK,Twitter,2017,"670,998,427",70.18,"313,592,864"
UK,TikTok,2010,"1,291,707,769",61.77,"373,219,543"
Australia,YouTube,2008,"998,025,774",68.21,"441,440,396"
France,Twitter,2014,"1,165,639,311",54.42,"199,496,808"
India,Facebook,2014,"1,173,525,601",57.08,"392,264,841"
Canada,Snapchat,2008,"547,265,779",69.55,"141,096,728"
Brazil,Facebook,2022,"319,600,315",50.7,"85,449,410"
Canada,Snapchat,2005,"680,642,785",68.13,"227,584,857"
USA,YouTube,2003,"1,191,176,131",73.85,"284,583,785"
Germany,TikTok,2008,"889,369,677",65.34,"316,439,736"
Germany,Snapchat,2020,"560,174,620",71.89,"160,064,777"
Germany,LinkedIn,2010,"104,537,944",52.27,"3,607,241"
China,Snapchat,2003,"1,105,286,197",66.88,"21,712,026"
Australia,LinkedIn,2019,"94,245,284",57.53,"15,550,610"
Germany,Facebook,2024,"199,700,955",61.42,"69,898,662"
Australia,Instagram,2024,"714,511,333",67.39,"234,045,775"
Brazil,Instagram,2012,"633,475,851",64.22,"164,883,413"
Canada,YouTube,2013,"746,216,145",80.7,"338,054,404"
Japan,YouTube,2014,"310,712,523",83.76,"102,057,305"
USA,Facebook,2006,"320,323,936",81.01,"147,031,866"
France,TikTok,2003,"950,106,836",93.68,"267,067,000"
China,Facebook,2023,"430,111,671",91.16,"97,622,355"
USA,TikTok,2024,"790,431,497",50.88,"26,735,397"
USA,Instagram,2017,"46,040,306",53.86,"20,313,372"
France,Instagram,2007,"1,352,099,059",80.13,"632,783,318"
India,Twitter,2012,"466,615,800",79.12,"56,576,603"
Canada,LinkedIn,2024,"461,431,746",68.53,"139,782,833"
India,Facebook,2015,"701,397,628",77.35,"183,150,652"
Canada,TikTok,2000,"828,688,575",73.07,"380,966,899"
Australia,Twitter,2000,"1,024,055,507",58.23,"364,111,599"
Japan,Facebook,2020,"533,086,862",79.36,"137,507,596"
Canada,LinkedIn,2019,"307,779,824",81.47,"110,527,462"
France,LinkedIn,2016,"885,227,307",73.4,"124,531,818"
India,LinkedIn,2012,"806,404,443",90.78,"60,621,391"
USA,YouTube,2021,"930,787,706",56.64,"197,884,083"
Canada,Instagram,2007,"860,577,355",78.88,"58,662,382"
UK,YouTube,2017,"1,188,621,840",51.99,"185,819,860"
Australia,LinkedIn,2011,"1,189,061,358",79.76,"513,957,795"
Canada,Facebook,2018,"108,358,813",50.46,"35,760,468"
USA,Twitter,2018,"42,206,247",61.27,"12,930,322"
Germany,YouTube,2018,"291,057,920",81.86,"9,015,517"
France,Facebook,2001,"110,612,924",74.99,"705,830"
France,TikTok,2016,"827,824,497",78.8,"3,846,473"
India,Snapchat,2021,"1,152,865,102",76.37,"290,704,318"
India,Twitter,2013,"323,400,242",68.5,"56,766,949"
UK,Facebook,2017,"102,491,422",92.47,"2,919,263"
India,Facebook,2014,"610,857,730",76.12,"124,445,615"
USA,TikTok,2004,"356,918,326",84.34,"17,971,973"
Japan,YouTube,2006,"1,165,690,197",53.35,"392,131,774"
India,Facebook,2001,"98,632,051",81.46,"22,822,622"
Germany,YouTube,2017,"1,187,552,801",69.43,"580,187,135"
UK,Facebook,2008,"14,582,898",69.79,"1,157,146"
France,Snapchat,2009,"779,677,418",67.55,"67,936,135"
Japan,Facebook,2001,"222,843,118",86.09,"29,516,829"
USA,LinkedIn,2015,"364,296,491",66.83,"107,122,199"
Brazil,LinkedIn,2000,"741,084,159",74,"150,684,878"
Canada,Instagram,2015,"579,810,614",56.66,"61,136,585"
India,TikTok,2001,"917,082,788",89.9,"152,215,948"
Germany,LinkedIn,2024,"1,360,518,786",57.28,"277,260,403"
Germany,YouTube,2009,"125,831,240",75.14,"28,890,917"
Germany,LinkedIn,2013,"161,465,053",92.03,"80,516,730"
Canada,Facebook,2020,"626,712,889",77.65,"233,940,999"
Germany,Twitter,2009,"357,325,924",60.23,"90,766,630"
Germany,Facebook,2021,"898,191,304",93.6,"66,647,292"
China,Snapchat,2024,"70,678,733",76.57,"22,789,867"
Japan,TikTok,2014,"363,022,053",67.14,"37,097,108"
Canada,Instagram,2013,"1,044,113,816",90.47,"10,151,976"
Japan,Twitter,2007,"450,220,467",54.77,"192,765,753"
India,TikTok,2014,"579,419,307",79.96,"79,406,740"
Japan,Instagram,2008,"1,116,446,882",93.01,"2,539,769"
Australia,Facebook,2009,"1,279,809,885",78.71,"62,548,678"
UK,TikTok,2004,"474,656,415",55.65,"47,343,741"
France,Twitter,2008,"616,074,648",61.8,"157,222,473"
Germany,Twitter,2006,"93,387,843",79.79,"15,673,338"
France,YouTube,2001,"600,489,678",51.19,"70,909,358"
India,Facebook,2005,"848,367,841",70.07,"193,433,117"
France,Instagram,2011,"1,189,691,286",77.92,"222,901,003"
Australia,Snapchat,2010,"309,162,830",91.04,"9,746,814"
Australia,LinkedIn,2017,"529,859,637",63.96,"161,562,951"
Brazil,TikTok,2019,"258,487,256",63.98,"21,329,669"
USA,Instagram,2020,"983,554,003",63.41,"232,375,419"
Germany,Instagram,2015,"1,085,320,546",90.28,"233,075,842"
Australia,LinkedIn,2001,"492,460,573",84.77,"206,075,653"
China,YouTube,2010,"1,243,036,888",53.65,"368,613,986"
Australia,Facebook,2007,"177,136,157",61.34,"33,117,537"
France,Twitter,2010,"509,178,886",69.6,"54,744,299"
Australia,Snapchat,2017,"452,744,414",86.88,"166,415,540"
Australia,Instagram,2010,"971,410,593",90.53,"212,367,509"
Australia,Facebook,2018,"919,206,371",72.65,"78,122,063"
Germany,LinkedIn,2002,"370,463,787",80.44,"74,461,385"
Brazil,LinkedIn,2024,"561,731,863",87.06,"53,853,469"
Japan,LinkedIn,2013,"295,159,284",50.99,"129,579,087"
India,Instagram,2010,"509,858,718",55.66,"223,979,964"
Canada,Instagram,2011,"115,964,714",60.99,"31,222,576"
China,Snapchat,2016,"323,451,085",70.28,"114,030,747"
China,TikTok,2008,"172,778,088",56.38,"77,443,790"
UK,YouTube,2000,"621,199,436",50.04,"87,783,906"
Germany,Twitter,2006,"1,357,166,263",56.6,"41,451,619"
UK,TikTok,2015,"1,320,736,456",74.06,"454,588,317"
China,Facebook,2013,"795,805,754",56.09,"242,902,790"
China,TikTok,2003,"108,716,512",70.72,"33,990,185"
China,LinkedIn,2005,"820,301,623",79.67,"283,220,862"
China,Instagram,2009,"239,482,895",90.71,"9,293,695"
India,LinkedIn,2018,"855,719,003",83.25,"72,243,616"
Japan,LinkedIn,2002,"137,877,359",65.49,"54,218,531"
India,Facebook,2024,"1,159,710,199",54.59,"190,572,046"
Australia,Twitter,2000,"443,245,508",65.11,"67,168,933"
Japan,Facebook,2017,"1,157,108,811",72.81,"163,588,288"
China,YouTube,2014,"951,260,645",60.46,"423,460,504"
Japan,Twitter,2014,"968,772,930",60.57,"258,912,150"
China,LinkedIn,2017,"235,743,661",75.17,"82,941,440"
China,YouTube,2014,"765,868,769",93.73,"166,264,294"
China,Instagram,2002,"955,204,302",70.64,"467,902,621"
China,Instagram,2024,"530,715,745",86.06,"4,589,123"
China,Twitter,2016,"522,204,001",91.66,"175,408,893"
Germany,YouTube,2014,"92,974,933",68.3,"36,046,390"
USA,Instagram,2017,"1,354,452,317",78.07,"642,300,609"
Canada,Instagram,2007,"230,328,174",92.16,"103,878,441"
USA,Twitter,2013,"551,507,012",86.85,"126,115,337"
Japan,TikTok,2002,"255,474,554",78.73,"30,810,343"
USA,Twitter,2009,"610,619,824",67.96,"252,649,960"
Germany,Twitter,2016,"525,786,242",90.09,"44,691,989"
Japan,Facebook,2003,"337,697,398",86.38,"46,522,552"
Canada,Snapchat,2002,"209,550,601",89.99,"4,517,061"
Brazil,Twitter,2011,"965,589,392",54.07,"380,074,373"
Australia,Facebook,2007,"1,026,033,876",89.6,"385,829,301"
Brazil,Snapchat,2009,"957,533,767",69.39,"267,723,818"
UK,YouTube,2021,"1,127,122,172",58.24,"324,749,639"
India,Twitter,2007,"499,099,246",82.8,"108,735,244"
Germany,Instagram,2020,"487,866,747",83.82,"131,157,424"
Australia,Instagram,2016,"289,245,310",85.09,"77,763,133"
USA,Snapchat,2016,"648,598,298",68.99,"96,519,014"
China,Snapchat,2015,"800,573,378",88.19,"192,568,802"
Germany,Facebook,2001,"799,941,242",58.28,"156,125,530"
Brazil,Instagram,2007,"476,583,738",83.52,"101,140,052"
China,LinkedIn,2008,"874,671,091",92.26,"314,559,058"
India,Facebook,2001,"287,416,591",55.04,"100,286,331"
France,TikTok,2005,"917,973,160",84.73,"455,236,066"
China,Twitter,2003,"1,093,118,609",61.62,"372,295,735"
USA,TikTok,2012,"509,811,992",71.73,"12,576,956"
Brazil,TikTok,2018,"73,231,612",60.04,"36,319,399"
France,LinkedIn,2013,"945,188,495",88.1,"114,885,970"
USA,TikTok,2002,"701,821,409",92.36,"70,360,135"
Germany,Instagram,2006,"101,849,420",59.79,"22,596,302"
China,Facebook,2007,"1,304,623,120",71.87,"452,318,694"
Canada,Instagram,2002,"624,510,668",85.17,"10,092,493"
China,Snapchat,2021,"615,339,010",57.21,"55,141,096"
Japan,YouTube,2007,"141,921,318",56.35,"45,828,534"
Canada,TikTok,2002,"1,062,328,149",82.47,"482,805,263"
Canada,Instagram,2007,"928,444,390",82.78,"125,848,486"
China,Snapchat,2009,"597,667,809",93.83,"239,715,240"
USA,Instagram,2020,"1,138,849,176",94,"437,750,854"
USA,Twitter,2007,"534,293,634",56.76,"18,208,275"
Japan,Snapchat,2012,"1,397,822,272",91.94,"499,752,530"
China,TikTok,2002,"58,017,149",73.28,"21,936,835"
India,Snapchat,2009,"1,296,669,947",82,"353,512,372"
France,Twitter,2003,"539,393,822",58.68,"25,887,353"
USA,Instagram,2022,"408,750,203",76.93,"2,649,577"
Germany,TikTok,2019,"609,164,227",56.23,"13,910,922"
Australia,Facebook,2016,"1,326,955,886",77.5,"332,385,037"
Brazil,YouTube,2023,"1,064,200,666",58.25,"186,855,278"
USA,Snapchat,2007,"203,700,195",90.4,"19,096,989"
Canada,Facebook,2013,"278,495,236",82.21,"101,322,362"
China,Facebook,2015,"1,132,428,001",81.17,"556,944,851"
Brazil,Snapchat,2020,"963,154,864",64.73,"402,693,857"
Australia,YouTube,2003,"777,007,322",56.38,"366,719,923"
China,YouTube,2014,"659,684,463",52.51,"324,117,155"
India,YouTube,2002,"636,034,667",67.31,"315,150,609"
USA,LinkedIn,2022,"458,690,515",79.91,"12,032,236"
Japan,Instagram,2008,"355,646,537",70.51,"7,294,374"
Australia,TikTok,2014,"821,133,029",74.01,"58,613,365"
Brazil,Facebook,2021,"940,337,472",86.45,"445,774,064"
USA,Snapchat,2012,"852,849,007",86.6,"280,645,682"
Germany,Twitter,2018,"1,037,528,895",55.57,"298,339,017"
Canada,Snapchat,2019,"67,298,713",51.94,"33,324,772"
India,Facebook,2002,"809,401,386",64.12,"106,930,743"
UK,TikTok,2006,"259,317,936",76.17,"36,511,710"
China,TikTok,2020,"1,117,699,835",65.64,"217,357,561"
France,YouTube,2024,"1,238,903,173",80.09,"546,201,579"
Brazil,Twitter,2005,"508,741,945",59.26,"190,145,709"
UK,Snapchat,2013,"796,032,227",50.4,"159,067,802"
UK,LinkedIn,2018,"188,832,359",85.22,"32,646,010"
Canada,YouTube,2023,"1,169,019,326",71.98,"223,404,456"
Germany,Instagram,2002,"10,647,201",52.09,"4,140,173"
Brazil,Facebook,2023,"258,757,834",61.78,"19,091,941"
China,LinkedIn,2004,"1,137,800,306",74.71,"398,269,989"
Germany,Instagram,2016,"1,142,466,184",87.15,"434,345,202"
USA,Snapchat,2004,"403,999,932",57.12,"2,179,888"
India,YouTube,2005,"1,014,868,617",66.67,"13,566,435"
UK,YouTube,2001,"570,376,962",50.78,"173,773,063"
Brazil,Twitter,2008,"1,042,546,817",71.7,"214,055,052"
France,TikTok,2004,"226,445,318",52.28,"30,299,033"
Germany,TikTok,2004,"516,623,938",83.37,"216,788,877"
USA,Snapchat,2009,"454,519,479",85.48,"91,015,925"
Australia,Facebook,2015,"795,673,520",81.75,"28,640,587"
Australia,Instagram,2004,"227,489,678",87.33,"54,510,705"
Australia,TikTok,2014,"1,216,408,095",69.23,"467,947,623"
Brazil,Instagram,2016,"414,801,800",91.53,"99,252,331"
Australia,LinkedIn,2002,"602,057,675",90.22,"157,937,142"
Japan,TikTok,2012,"183,558,557",54.95,"53,970,950"
Germany,TikTok,2017,"604,932,670",92.48,"147,323,540"
India,Instagram,2008,"326,231,594",73.71,"25,765,864"
France,Snapchat,2004,"847,549,754",71.09,"130,217,368"
India,Facebook,2003,"1,143,023,949",60.26,"394,755,146"
USA,Snapchat,2013,"80,070,847",67.26,"33,803,499"
Japan,LinkedIn,2005,"111,309,912",83.63,"5,805,047"
India,YouTube,2005,"945,727,189",90.32,"31,976,818"
UK,YouTube,2010,"199,683,070",65.05,"7,387,097"
Brazil,Instagram,2001,"1,306,211,271",55.14,"401,733,554"
USA,Facebook,2009,"1,086,383,627",55.64,"386,600,844"
USA,Twitter,2018,"233,596,996",63.31,"8,680,333"
Germany,Instagram,2018,"644,223,074",69.81,"173,605,126"
China,Snapchat,2021,"25,022,512",73.93,"321,393"
Japan,Twitter,2013,"561,349,484",75.06,"223,229,491"
Germany,LinkedIn,2012,"1,186,814,513",63.33,"444,087,009"
Germany,Twitter,2011,"637,790,578",78.47,"247,605,938"
China,Facebook,2002,"1,189,362,629",91.12,"506,233,475"
Canada,Twitter,2005,"797,554,030",58.25,"262,594,743"
UK,Snapchat,2012,"215,268,825",65.32,"101,118,724"
Japan,TikTok,2011,"298,768,057",82.9,"117,025,717"
Brazil,TikTok,2003,"1,198,309,044",76.82,"141,342,525"
Brazil,Snapchat,2003,"250,932,237",90.21,"36,617,679"
Australia,YouTube,2012,"934,793,585",69.55,"144,658,569"
Germany,YouTube,2000,"740,983,766",87.6,"12,544,381"
China,Twitter,2002,"1,087,220,172",92.45,"59,175,150"
USA,LinkedIn,2024,"976,988,426",68.01,"36,530,153"
Brazil,TikTok,2001,"1,321,224,573",82.58,"101,673,364"
Japan,Facebook,2016,"535,135,529",59.12,"265,686,219"
India,Instagram,2001,"1,047,614,917",61.89,"49,609,218"
Brazil,LinkedIn,2023,"993,071,430",56.6,"271,496,187"
Australia,YouTube,2003,"1,254,365,110",61.65,"563,610,432"
India,Twitter,2011,"51,878,731",73.89,"25,415,485"
China,LinkedIn,2001,"404,214,019",86.34,"134,154,763"
Brazil,LinkedIn,2006,"348,688,380",79.73,"38,146,820"
China,LinkedIn,2000,"909,841,227",89.83,"303,194,094"
UK,Instagram,2000,"337,774,317",67.19,"119,153,634"
Germany,YouTube,2019,"556,533,111",50.34,"97,697,182"
Japan,Snapchat,2024,"1,192,539,902",83.72,"449,503,457"
Brazil,LinkedIn,2013,"1,098,689,871",68.27,"282,382,771"
France,Twitter,2012,"806,688,437",52.09,"360,411,424"
USA,LinkedIn,2015,"791,957,896",75.38,"333,451,916"
Brazil,Instagram,2007,"313,009,033",90.01,"68,117,950"
Germany,LinkedIn,2001,"314,865,542",66.98,"32,462,157"
China,Snapchat,2005,"396,179,333",71.38,"146,431,171"
Japan,Facebook,2013,"134,830,248",94.14,"12,794,158"
India,YouTube,2009,"605,738,818",77.17,"213,908,260"
India,Instagram,2018,"1,035,762,798",61.21,"226,556,998"
Germany,Facebook,2015,"905,721,425",69.54,"78,267,105"
Canada,Twitter,2004,"1,377,464,082",73.21,"75,188,852"
Germany,Twitter,2018,"578,944,269",86.55,"277,978,662"
France,Facebook,2001,"1,302,440,456",65.15,"511,386,243"
Canada,Twitter,2006,"806,671,754",86.2,"142,942,811"
Australia,Twitter,2021,"942,787,468",90.58,"213,982,320"
India,Facebook,2020,"620,668,704",62.05,"83,848,107"
Japan,Twitter,2008,"1,309,552,372",52.75,"83,284,840"
China,Twitter,2013,"114,330,474",53.53,"15,581,710"
India,Snapchat,2001,"1,394,940,565",76.52,"566,662,964"
India,LinkedIn,2001,"836,729,560",93.36,"391,149,304"
India,Facebook,2017,"15,873,015",58.11,"2,320,824"
China,Snapchat,2023,"199,567,738",59.89,"31,306,750"
USA,LinkedIn,2009,"868,029,212",82.05,"117,506,900"
Canada,Twitter,2016,"1,370,499,138",89.82,"49,460,314"
Germany,LinkedIn,2008,"1,304,154,999",79.56,"386,192,150"
China,LinkedIn,2017,"589,606,402",59.14,"13,280,994"
China,Facebook,2000,"1,366,491,710",87.55,"79,553,803"
Australia,Snapchat,2016,"1,179,419,640",63,"137,392,388"
Japan,TikTok,2007,"822,022,537",60.58,"128,137,508"
Australia,LinkedIn,2011,"323,654,041",85.52,"145,893,515"
Germany,LinkedIn,2023,"1,277,416,276",67.57,"398,576,775"
UK,Facebook,2011,"231,587,894",50.14,"108,794,059"
UK,TikTok,2013,"1,200,646,618",66.47,"503,569,891"
Australia,LinkedIn,2012,"321,054,671",90.07,"106,497,133"
India,Twitter,2008,"698,803,833",85.8,"193,890,471"
Canada,Instagram,2009,"1,032,570,525",63.27,"395,838,677"
Japan,LinkedIn,2015,"918,520,612",94.7,"95,171,032"
USA,Instagram,2015,"862,495,645",83.46,"226,700,605"
France,Snapchat,2006,"192,839,958",70.57,"59,560,035"
Germany,LinkedIn,2006,"396,827,457",85.36,"75,619,157"
Japan,Instagram,2009,"678,145,141",52.15,"295,726,368"
China,Twitter,2001,"1,396,906,609",62.99,"178,012,188"
Germany,TikTok,2010,"1,139,900,712",77.07,"310,805,722"
China,TikTok,2015,"352,245,785",87.09,"85,508,749"
China,LinkedIn,2007,"1,078,398,471",53.82,"45,008,142"
China,Snapchat,2006,"1,076,251,826",94.27,"92,007,766"
India,Snapchat,2020,"1,089,042,484",89.12,"279,252,053"
Brazil,Snapchat,2006,"15,018,523",50.21,"5,593,038"
Brazil,YouTube,2012,"1,145,230,604",84.1,"376,646,975"
Brazil,LinkedIn,2020,"1,101,548,858",59.76,"364,278,329"
UK,LinkedIn,2010,"398,670,991",63.6,"50,123,455"
Canada,Facebook,2015,"1,264,287,838",85.67,"293,487,074"
USA,Snapchat,2015,"344,278,475",74.6,"130,227,241"
India,Instagram,2002,"1,084,068,027",87.98,"463,597,909"
India,YouTube,2001,"32,939,672",88.12,"6,200,800"
Australia,YouTube,2001,"613,327,657",83.06,"278,389,041"
Japan,Twitter,2012,"1,317,016,145",73.12,"566,808,692"
Canada,LinkedIn,2004,"172,898,991",64.29,"78,233,692"
India,Snapchat,2024,"230,631,562",67.27,"101,251,830"
Brazil,Twitter,2004,"779,367,311",60.6,"144,556,210"
Germany,TikTok,2024,"1,237,952,324",94.76,"225,318,044"
USA,TikTok,2011,"950,647,970",92.34,"307,163,553"
Brazil,Twitter,2017,"183,193,699",76.72,"24,937,410"
USA,Instagram,2013,"904,456,879",62.52,"22,775,727"
China,Twitter,2016,"446,708,726",68.09,"202,811,250"
India,Snapchat,2016,"618,704,860",56.26,"16,217,811"
France,TikTok,2009,"1,122,475,332",77.21,"321,379,881"
Brazil,YouTube,2010,"580,473,963",65.05,"171,841,157"
Australia,LinkedIn,2009,"687,202,047",74.58,"341,479,323"
China,TikTok,2000,"436,234,460",54.91,"174,303,387"
Canada,LinkedIn,2001,"995,258,424",83.74,"80,145,467"
France,Instagram,2012,"977,390,316",71.32,"371,077,712"
USA,Twitter,2009,"381,755,560",63.92,"104,912,504"
Germany,Facebook,2024,"23,811,428",86.2,"5,658,815"
Germany,Facebook,2012,"520,807,808",94.67,"178,957,500"
China,Twitter,2011,"597,030,111",63.05,"255,148,867"
Brazil,LinkedIn,2022,"82,710,592",93.36,"35,248,968"
Japan,Instagram,2018,"795,375,321",65.01,"367,271,654"
Brazil,TikTok,2010,"18,826,605",79.25,"7,231,150"
Japan,Snapchat,2020,"314,097,497",77.54,"125,968,639"
USA,Twitter,2018,"192,204,380",86.56,"95,067,105"
Canada,Snapchat,2014,"1,375,543,087",88.76,"392,709,046"
India,YouTube,2013,"1,002,982,172",76.29,"150,616,061"
India,TikTok,2002,"358,785,303",93.26,"122,347,197"
France,YouTube,2022,"585,837,281",89.06,"144,640,083"
Australia,TikTok,2022,"1,334,967,625",73.6,"527,300,851"
Japan,LinkedIn,2018,"498,433,268",75.65,"122,682,549"
UK,TikTok,2005,"732,957,446",65.63,"92,823,374"
India,Instagram,2019,"607,946,662",52.43,"95,762,301"
USA,LinkedIn,2016,"409,071,574",51.01,"198,543,485"
Canada,LinkedIn,2018,"1,128,264,647",92.48,"517,936,747"
Australia,LinkedIn,2009,"264,604,956",59.01,"101,897,830"
Germany,YouTube,2010,"1,332,828,731",84.24,"332,758,961"
Japan,YouTube,2011,"1,365,048,952",84.82,"622,015,654"
Japan,Facebook,2024,"1,059,751,467",52.21,"488,522,912"
Australia,Snapchat,2007,"516,406,240",91.66,"16,579,609"
Germany,Twitter,2002,"115,470,133",76.41,"4,462,862"
USA,TikTok,2022,"190,587,890",90.2,"54,352,880"
Canada,Facebook,2013,"332,586,500",59.8,"47,209,020"
Germany,Facebook,2003,"293,063,523",64.36,"108,440,407"
Brazil,YouTube,2007,"513,920,496",91.73,"130,440,331"
Australia,Instagram,2012,"1,397,275,440",64.18,"145,283,284"
Japan,Facebook,2007,"1,188,104,907",86.75,"128,300,939"
Germany,Twitter,2014,"707,453,796",60.26,"165,436,093"
India,Snapchat,2016,"937,207,006",55.66,"428,918,457"
Germany,Instagram,2016,"1,035,008,155",83.96,"263,895,174"
Australia,YouTube,2013,"653,819,414",68.27,"177,495,284"
Japan,Facebook,2005,"1,210,039,984",70.75,"294,835,723"
UK,Facebook,2003,"834,067,686",90.2,"13,913,061"
Brazil,Snapchat,2014,"663,267,283",80.51,"218,505,235"
Germany,LinkedIn,2017,"483,108,832",67.24,"215,515,665"
USA,Snapchat,2006,"236,246,027",89.02,"32,001,653"
India,YouTube,2005,"875,794,740",53.78,"421,587,273"
USA,Snapchat,2009,"557,956,934",58.55,"110,762,090"
Australia,Snapchat,2016,"299,930,300",62.52,"6,355,739"
India,Twitter,2019,"503,953,594",69.18,"236,622,333"
Germany,Snapchat,2022,"847,175,952",68.35,"20,193,578"
China,Snapchat,2021,"408,787,280",80.87,"186,144,975"
Canada,LinkedIn,2015,"247,532,307",78.6,"92,143,411"
Japan,YouTube,2018,"1,237,756,209",71.15,"95,118,020"
Brazil,Facebook,2007,"526,192,706",85.04,"72,452,373"
India,Instagram,2001,"1,209,794,660",88.59,"277,184,650"
USA,Facebook,2003,"897,604,185",87.44,"201,474,505"
France,Facebook,2008,"975,855,781",65.63,"392,058,264"
Germany,Snapchat,2011,"6,006,166",75.49,"2,518,677"
Canada,Twitter,2013,"684,852,820",94.15,"207,303,369"
Canada,YouTube,2021,"870,024,342",58.16,"93,838,811"
France,Instagram,2013,"916,118,801",84.17,"152,161,360"
Germany,YouTube,2023,"515,934,764",71.83,"169,817,811"
Brazil,Snapchat,2019,"643,840,036",68.54,"246,861,569"
India,Snapchat,2020,"762,628,550",91.22,"309,354,509"
Canada,TikTok,2000,"1,299,418,287",76.83,"207,566,987"
India,Facebook,2013,"596,702,693",92.74,"247,459,980"
Australia,TikTok,2001,"781,513,774",91.46,"6,443,337"
Japan,YouTube,2020,"1,048,727,865",87.55,"51,315,355"
Canada,TikTok,2023,"247,901,248",92.61,"96,315,938"
USA,Snapchat,2002,"1,333,474,249",65.57,"214,245,192"
Brazil,YouTube,2008,"394,147,528",75.28,"148,322,227"
India,YouTube,2016,"1,035,773,558",69.6,"56,518,752"
Canada,YouTube,2024,"1,386,276,598",78.23,"652,096,116"
UK,Snapchat,2014,"312,201,957",91.59,"109,314,786"
India,Facebook,2018,"667,829,356",83.63,"262,682,757"
USA,Snapchat,2001,"1,025,047,509",73.89,"30,265,114"
USA,Twitter,2012,"484,186,601",55.56,"63,247,890"
USA,YouTube,2008,"201,464,045",74.78,"75,227,564"
France,LinkedIn,2015,"895,787,783",78.56,"61,243,538"
China,YouTube,2022,"511,897,040",78.62,"200,584,488"
UK,Snapchat,2023,"864,659,877",89.25,"207,455,775"
China,Snapchat,2005,"62,054,929",75.75,"27,794,674"
Australia,YouTube,2016,"912,508,363",86.24,"360,034,698"
France,Facebook,2011,"362,051,147",79.47,"13,901,331"
France,YouTube,2004,"968,502,993",68.96,"243,407,687"
France,Instagram,2001,"1,280,206,825",56.48,"266,172,345"
India,Twitter,2021,"694,776,662",94.78,"304,790,444"
India,Twitter,2020,"642,055,273",91.14,"278,124,056"
Canada,YouTube,2018,"567,093,386",61.36,"43,851,619"
Japan,Twitter,2021,"559,336,870",65.59,"125,618,239"
India,TikTok,2001,"760,124,160",94.76,"69,798,414"
Australia,Facebook,2012,"1,375,384,079",66.14,"207,697,190"
Japan,LinkedIn,2007,"430,816,468",50.78,"44,478,292"
Germany,Facebook,2000,"24,572,273",54.44,"3,672,078"
Australia,Snapchat,2024,"1,271,011,749",80.47,"320,441,238"
Brazil,Instagram,2000,"1,035,647,239",58.15,"135,031,642"
Australia,Facebook,2021,"672,625,967",71.25,"73,642,222"
China,YouTube,2011,"922,400,671",87.84,"129,391,506"
Japan,Twitter,2019,"1,078,821,240",68.65,"520,483,184"
Germany,Facebook,2010,"327,007,339",52.96,"106,680,692"
UK,LinkedIn,2011,"153,380,839",59.45,"47,745,834"
China,TikTok,2007,"486,421,338",61.61,"72,765,516"
Australia,TikTok,2022,"694,763,281",63.47,"65,870,261"
China,Instagram,2024,"1,137,427,865",51.39,"455,156,301"
Germany,YouTube,2006,"531,336,513",86.56,"137,935,608"
USA,Twitter,2012,"256,999,428",67.37,"116,355,088"
China,Facebook,2015,"349,491,436",55.15,"106,054,734"
Germany,Instagram,2024,"1,393,748,052",89.82,"598,133,230"
Japan,YouTube,2007,"510,296,662",72.25,"43,555,918"
Japan,LinkedIn,2013,"837,821,317",72.83,"129,642,861"
France,TikTok,2007,"1,291,993,069",59.48,"465,615,789"
India,Facebook,2001,"528,578,525",73.05,"118,136,162"
UK,TikTok,2017,"1,152,346,303",93.41,"547,272,849"
India,LinkedIn,2010,"312,710,251",77.7,"143,679,397"
Australia,Facebook,2018,"153,830,689",67.32,"6,837,363"
UK,Instagram,2003,"282,807,573",89.19,"114,672,855"
UK,Snapchat,2019,"678,687,237",64.99,"162,597,856"
USA,LinkedIn,2016,"856,061,462",75.96,"29,620,140"
France,YouTube,2023,"1,180,133,711",66.39,"481,712,575"
Brazil,Facebook,2018,"475,831,092",56.54,"98,430,004"
India,LinkedIn,2016,"323,451,922",82.52,"9,173,028"
Germany,Instagram,2019,"550,677,231",60.04,"84,717,830"
China,Snapchat,2016,"15,025,527",64.77,"4,301,837"
USA,Snapchat,2015,"953,204,552",56.32,"98,107,488"
France,Instagram,2000,"1,345,528,977",60.38,"583,542,803"
Brazil,YouTube,2009,"300,040,921",91.37,"49,594,487"
Canada,Twitter,2012,"23,982,005",77.04,"1,877,340"
Canada,Twitter,2003,"231,655,652",60.32,"63,786,971"
Australia,TikTok,2015,"446,846,710",52.81,"191,305,719"
USA,YouTube,2023,"1,321,150,088",76.95,"639,663,363"
USA,TikTok,2003,"1,005,989,026",68.6,"305,901,906"
India,Twitter,2013,"1,063,184,111",61.18,"409,621,838"
Germany,TikTok,2002,"172,052,166",92.58,"63,865,891"
France,Twitter,2015,"219,951,567",61.53,"81,335,914"
Australia,LinkedIn,2007,"726,660,572",91.06,"101,560,080"
Canada,Instagram,2023,"1,364,133,165",75.11,"288,475,803"
Germany,LinkedIn,2023,"200,157,010",82.43,"46,023,118"
UK,Twitter,2001,"530,839,801",51.2,"102,119,698"
India,Twitter,2013,"1,356,122,846",88.94,"256,476,028"
China,Facebook,2014,"1,031,923,659",64.64,"364,443,098"
France,Snapchat,2010,"362,364,483",81.02,"164,383,385"
China,TikTok,2014,"571,880,338",57.54,"280,504,848"
Australia,LinkedIn,2007,"1,175,169,384",81.25,"470,126,489"
France,TikTok,2016,"258,518,014",67.04,"125,910,304"
Canada,Twitter,2010,"173,484,669",89.32,"39,520,623"
Japan,Twitter,2012,"522,383,830",76.79,"106,380,889"
USA,LinkedIn,2023,"1,368,063,294",75.51,"417,045,247"
France,Facebook,2017,"1,384,674,592",85.45,"344,270,793"
Brazil,Instagram,2021,"565,679,930",56.26,"213,503,111"
Brazil,YouTube,2006,"357,146,068",61.34,"8,669,391"
UK,Twitter,2007,"210,803,032",63.62,"46,201,407"
France,Facebook,2010,"521,896,603",73.18,"213,913,186"
China,Instagram,2000,"673,548,005",87.13,"37,662,044"
Canada,Facebook,2005,"1,076,828,275",86.35,"203,159,018"
China,Snapchat,2015,"448,785,540",74.83,"67,004,469"
Brazil,Instagram,2016,"872,040,242",56.31,"46,247,414"
India,Instagram,2013,"1,307,452,987",65.15,"345,781,997"
Canada,Instagram,2000,"150,313,428",62.64,"50,301,921"
China,LinkedIn,2018,"326,619,143",80.49,"73,986,823"
Japan,TikTok,2015,"878,077,306",50.59,"207,190,269"
Canada,Instagram,2014,"417,150,264",88.66,"68,481,033"
Australia,Instagram,2015,"148,759,519",88.73,"57,974,956"
USA,Facebook,2023,"1,094,886,896",60.21,"282,301,483"
UK,TikTok,2010,"516,609,939",72.03,"207,542,105"
Japan,LinkedIn,2010,"993,675,973",57.23,"71,338,133"
India,TikTok,2018,"594,652,612",61.77,"62,877,911"
Germany,Facebook,2017,"343,613,268",64.49,"106,476,549"
Brazil,TikTok,2015,"1,166,539,160",62.57,"120,460,870"
Japan,LinkedIn,2001,"1,382,740,429",79.68,"377,171,050"
UK,TikTok,2024,"434,256,852",55.68,"103,314,096"
UK,TikTok,2008,"282,735,191",58.26,"66,180,685"
India,LinkedIn,2008,"1,200,325,931",81.79,"128,599,193"
Australia,YouTube,2010,"574,097,545",59.74,"178,676,239"
France,Facebook,2020,"1,101,273,488",92.51,"133,346,370"
